Avance|FechaAvance|Partido|TotalVotos|PerValidos|PerEmitidos
42.030|06/06/2021 23:13 h|FUERZA POPULAR|4,130,785|52.905|49.581
42.030|06/06/2021 23:13 h|PARTIDO POLITICO NACIONAL PERU LIBRE|3,677,130|47.095|44.136
42.030|06/06/2021 23:13 h|TOTAL DE VOTOS EMITIDOS|8,331,453|0|100.000
42.030|06/06/2021 23:13 h|TOTAL DE VOTOS VÁLIDOS|7,807,915|100.000|93.716
42.030|06/06/2021 23:13 h|VOTOS EN BLANCO|46,361|0|0.556
42.030|06/06/2021 23:13 h|VOTOS NULOS|477,177|0|5.727
55.615|06/06/2021 23:59 h|FUERZA POPULAR|5,429,734|52.466|49.180
55.615|06/06/2021 23:59 h|PARTIDO POLITICO NACIONAL PERU LIBRE|4,919,343|47.534|44.557
55.615|06/06/2021 23:59 h|TOTAL DE VOTOS EMITIDOS|11,040,639|0|100.000
55.615|06/06/2021 23:59 h|TOTAL DE VOTOS VÁLIDOS|10,349,077|100.000|93.736
55.615|06/06/2021 23:59 h|VOTOS EN BLANCO|62,461|0|0.566
55.615|06/06/2021 23:59 h|VOTOS NULOS|629,101|0|5.698
60.386|07/06/2021 00:18 h|FUERZA POPULAR|5,890,091|52.437|49.149
60.386|07/06/2021 00:18 h|PARTIDO POLITICO NACIONAL PERU LIBRE|5,342,573|47.563|44.581
60.386|07/06/2021 00:18 h|TOTAL DE VOTOS EMITIDOS|11,984,044|0|100.000
60.386|07/06/2021 00:18 h|TOTAL DE VOTOS VÁLIDOS|11,232,664|100.000|93.730
60.386|07/06/2021 00:18 h|VOTOS EN BLANCO|68,169|0|0.569
60.386|07/06/2021 00:18 h|VOTOS NULOS|683,211|0|5.701
67.220|07/06/2021 00:48 h|FUERZA POPULAR|6,545,132|52.475|49.181
67.220|07/06/2021 00:48 h|PARTIDO POLITICO NACIONAL PERU LIBRE|5,927,689|47.525|44.541
67.220|07/06/2021 00:48 h|TOTAL DE VOTOS EMITIDOS|13,308,277|0|100.000
67.220|07/06/2021 00:48 h|TOTAL DE VOTOS VÁLIDOS|12,472,821|100.000|93.722
67.220|07/06/2021 00:48 h|VOTOS EN BLANCO|77,098|0|0.579
67.220|07/06/2021 00:48 h|VOTOS NULOS|758,358|0|5.698
72.578|07/06/2021 01:18 h|FUERZA POPULAR|7,024,779|52.319|49.036
72.578|07/06/2021 01:18 h|PARTIDO POLITICO NACIONAL PERU LIBRE|6,402,057|47.681|44.690
72.578|07/06/2021 01:18 h|TOTAL DE VOTOS EMITIDOS|14,325,631|0|100.000
72.578|07/06/2021 01:18 h|TOTAL DE VOTOS VÁLIDOS|13,426,836|100.000|93.726
72.578|07/06/2021 01:18 h|VOTOS EN BLANCO|84,307|0|0.589
72.578|07/06/2021 01:18 h|VOTOS NULOS|814,488|0|5.686
76.507|07/06/2021 01:48 h|FUERZA POPULAR|7,333,518|51.943|48.679
76.507|07/06/2021 01:48 h|PARTIDO POLITICO NACIONAL PERU LIBRE|6,784,988|48.057|45.038
76.507|07/06/2021 01:48 h|TOTAL DE VOTOS EMITIDOS|15,065,072|0|100.000
76.507|07/06/2021 01:48 h|TOTAL DE VOTOS VÁLIDOS|14,118,506|100.000|93.717
76.507|07/06/2021 01:48 h|VOTOS EN BLANCO|89,955|0|0.597
76.507|07/06/2021 01:48 h|VOTOS NULOS|856,611|0|5.686
79.467|07/06/2021 02:18 h|FUERZA POPULAR|7,537,598|51.523|48.286
79.467|07/06/2021 02:18 h|PARTIDO POLITICO NACIONAL PERU LIBRE|7,092,087|48.477|45.432
79.467|07/06/2021 02:18 h|TOTAL DE VOTOS EMITIDOS|15,610,345|0|100.000
79.467|07/06/2021 02:18 h|TOTAL DE VOTOS VÁLIDOS|14,629,685|100.000|93.718
79.467|07/06/2021 02:18 h|VOTOS EN BLANCO|94,441|0|0.605
79.467|07/06/2021 02:18 h|VOTOS NULOS|886,219|0|5.677
81.892|07/06/2021 02:47 h|FUERZA POPULAR|7,702,032|51.205|47.985
81.892|07/06/2021 02:47 h|PARTIDO POLITICO NACIONAL PERU LIBRE|7,339,651|48.795|45.727
81.892|07/06/2021 02:47 h|TOTAL DE VOTOS EMITIDOS|16,051,072|0|100.000
81.892|07/06/2021 02:47 h|TOTAL DE VOTOS VÁLIDOS|15,041,683|100.000|93.711
81.892|07/06/2021 02:47 h|VOTOS EN BLANCO|98,316|0|0.613
81.892|07/06/2021 02:47 h|VOTOS NULOS|911,073|0|5.676
83.810|07/06/2021 03:18 h|FUERZA POPULAR|7,837,109|51.014|47.798
83.810|07/06/2021 03:18 h|PARTIDO POLITICO NACIONAL PERU LIBRE|7,525,645|48.986|45.899
83.810|07/06/2021 03:18 h|TOTAL DE VOTOS EMITIDOS|16,396,248|0|100.000
83.810|07/06/2021 03:18 h|TOTAL DE VOTOS VÁLIDOS|15,362,754|100.000|93.697
83.810|07/06/2021 03:18 h|VOTOS EN BLANCO|101,295|0|0.618
83.810|07/06/2021 03:18 h|VOTOS NULOS|932,199|0|5.685
85.157|07/06/2021 03:48 h|FUERZA POPULAR|7,913,727|50.769|47.570
85.157|07/06/2021 03:48 h|PARTIDO POLITICO NACIONAL PERU LIBRE|7,673,886|49.231|46.128
85.157|07/06/2021 03:48 h|TOTAL DE VOTOS EMITIDOS|16,636,132|0|100.000
85.157|07/06/2021 03:48 h|TOTAL DE VOTOS VÁLIDOS|15,587,613|100.000|93.697
85.157|07/06/2021 03:48 h|VOTOS EN BLANCO|103,285|0|0.621
85.157|07/06/2021 03:48 h|VOTOS NULOS|945,234|0|5.682
86.345|07/06/2021 04:18 h|FUERZA POPULAR|7,980,723|50.586|47.397
86.345|07/06/2021 04:18 h|PARTIDO POLITICO NACIONAL PERU LIBRE|7,795,813|49.414|46.298
86.345|07/06/2021 04:18 h|TOTAL DE VOTOS EMITIDOS|16,838,188|0|100.000
86.345|07/06/2021 04:18 h|TOTAL DE VOTOS VÁLIDOS|15,776,536|100.000|93.695
86.345|07/06/2021 04:18 h|VOTOS EN BLANCO|105,323|0|0.626
86.345|07/06/2021 04:18 h|VOTOS NULOS|956,329|0|5.680
87.528|07/06/2021 04:48 h|FUERZA POPULAR|8,071,981|50.506|47.323
87.528|07/06/2021 04:48 h|PARTIDO POLITICO NACIONAL PERU LIBRE|7,910,102|49.494|46.374
87.528|07/06/2021 04:48 h|TOTAL DE VOTOS EMITIDOS|17,057,043|0|100.000
87.528|07/06/2021 04:48 h|TOTAL DE VOTOS VÁLIDOS|15,982,083|100.000|93.698
87.528|07/06/2021 04:48 h|VOTOS EN BLANCO|107,187|0|0.628
87.528|07/06/2021 04:48 h|VOTOS NULOS|967,773|0|5.674
88.223|07/06/2021 05:18 h|FUERZA POPULAR|8,117,231|50.420|47.241
88.223|07/06/2021 05:18 h|PARTIDO POLITICO NACIONAL PERU LIBRE|7,982,115|49.580|46.455
88.223|07/06/2021 05:18 h|TOTAL DE VOTOS EMITIDOS|17,182,481|0|100.000
88.223|07/06/2021 05:18 h|TOTAL DE VOTOS VÁLIDOS|16,099,346|100.000|93.696
88.223|07/06/2021 05:18 h|VOTOS EN BLANCO|108,271|0|0.630
88.223|07/06/2021 05:18 h|VOTOS NULOS|974,864|0|5.674
88.698|07/06/2021 05:48 h|FUERZA POPULAR|8,143,742|50.353|47.178
88.698|07/06/2021 05:48 h|PARTIDO POLITICO NACIONAL PERU LIBRE|8,029,577|49.647|46.517
88.698|07/06/2021 05:48 h|TOTAL DE VOTOS EMITIDOS|17,261,652|0|100.000
88.698|07/06/2021 05:48 h|TOTAL DE VOTOS VÁLIDOS|16,173,319|100.000|93.695
88.698|07/06/2021 05:48 h|VOTOS EN BLANCO|109,070|0|0.632
88.698|07/06/2021 05:48 h|VOTOS NULOS|979,263|0|5.673
89.120|07/06/2021 06:18 h|FUERZA POPULAR|8,175,856|50.321|47.148
89.120|07/06/2021 06:18 h|PARTIDO POLITICO NACIONAL PERU LIBRE|8,071,458|49.679|46.546
89.120|07/06/2021 06:18 h|TOTAL DE VOTOS EMITIDOS|17,340,692|0|100.000
89.120|07/06/2021 06:18 h|TOTAL DE VOTOS VÁLIDOS|16,247,314|100.000|93.695
89.120|07/06/2021 06:18 h|VOTOS EN BLANCO|109,719|0|0.633
89.120|07/06/2021 06:18 h|VOTOS NULOS|983,659|0|5.673
89.611|07/06/2021 06:47 h|FUERZA POPULAR|8,207,598|50.271|47.102
89.611|07/06/2021 06:47 h|PARTIDO POLITICO NACIONAL PERU LIBRE|8,119,116|49.729|46.594
89.611|07/06/2021 06:47 h|TOTAL DE VOTOS EMITIDOS|17,425,238|0|100.000
89.611|07/06/2021 06:47 h|TOTAL DE VOTOS VÁLIDOS|16,326,714|100.000|93.696
89.611|07/06/2021 06:47 h|VOTOS EN BLANCO|110,513|0|0.634
89.611|07/06/2021 06:47 h|VOTOS NULOS|988,011|0|5.670
90.047|07/06/2021 07:17 h|FUERZA POPULAR|8,235,815|50.222|47.058
90.047|07/06/2021 07:17 h|PARTIDO POLITICO NACIONAL PERU LIBRE|8,162,852|49.778|46.641
90.047|07/06/2021 07:17 h|TOTAL DE VOTOS EMITIDOS|17,501,439|0|100.000
90.047|07/06/2021 07:17 h|TOTAL DE VOTOS VÁLIDOS|16,398,667|100.000|93.699
90.047|07/06/2021 07:17 h|VOTOS EN BLANCO|111,148|0|0.635
90.047|07/06/2021 07:17 h|VOTOS NULOS|991,624|0|5.666
90.447|07/06/2021 07:48 h|FUERZA POPULAR|8,265,235|50.203|47.040
90.447|07/06/2021 07:48 h|PARTIDO POLITICO NACIONAL PERU LIBRE|8,198,445|49.797|46.660
90.447|07/06/2021 07:48 h|TOTAL DE VOTOS EMITIDOS|17,570,573|0|100.000
90.447|07/06/2021 07:48 h|TOTAL DE VOTOS VÁLIDOS|16,463,680|100.000|93.700
90.447|07/06/2021 07:48 h|VOTOS EN BLANCO|111,711|0|0.636
90.447|07/06/2021 07:48 h|VOTOS NULOS|995,182|0|5.664
90.733|07/06/2021 08:18 h|FUERZA POPULAR|8,285,867|50.172|47.013
90.733|07/06/2021 08:18 h|PARTIDO POLITICO NACIONAL PERU LIBRE|8,228,988|49.828|46.690
90.733|07/06/2021 08:18 h|TOTAL DE VOTOS EMITIDOS|17,624,763|0|100.000
90.733|07/06/2021 08:18 h|TOTAL DE VOTOS VÁLIDOS|16,514,855|100.000|93.703
90.733|07/06/2021 08:18 h|VOTOS EN BLANCO|112,112|0|0.636
90.733|07/06/2021 08:18 h|VOTOS NULOS|997,796|0|5.661
91.157|07/06/2021 08:53 h|FUERZA POPULAR|8,310,588|50.127|46.970
91.157|07/06/2021 08:53 h|PARTIDO POLITICO NACIONAL PERU LIBRE|8,268,422|49.873|46.732
91.157|07/06/2021 08:53 h|TOTAL DE VOTOS EMITIDOS|17,693,255|0|100.000
91.157|07/06/2021 08:53 h|TOTAL DE VOTOS VÁLIDOS|16,579,010|100.000|93.702
91.157|07/06/2021 08:53 h|VOTOS EN BLANCO|112,802|0|0.638
91.157|07/06/2021 08:53 h|VOTOS NULOS|1,001,443|0|5.660
91.362|07/06/2021 09:18 h|FUERZA POPULAR|8,319,012|50.094|46.939
91.362|07/06/2021 09:18 h|PARTIDO POLITICO NACIONAL PERU LIBRE|8,287,923|49.906|46.763
91.362|07/06/2021 09:18 h|TOTAL DE VOTOS EMITIDOS|17,723,084|0|100.000
91.362|07/06/2021 09:18 h|TOTAL DE VOTOS VÁLIDOS|16,606,935|100.000|93.702
91.362|07/06/2021 09:18 h|VOTOS EN BLANCO|113,070|0|0.638
91.362|07/06/2021 09:18 h|VOTOS NULOS|1,003,079|0|5.660
91.697|07/06/2021 09:48 h|FUERZA POPULAR|8,339,898|50.078|46.924
91.697|07/06/2021 09:48 h|PARTIDO POLITICO NACIONAL PERU LIBRE|8,314,072|49.922|46.778
91.697|07/06/2021 09:48 h|TOTAL DE VOTOS EMITIDOS|17,773,339|0|100.000
91.697|07/06/2021 09:48 h|TOTAL DE VOTOS VÁLIDOS|16,653,970|100.000|93.702
91.697|07/06/2021 09:48 h|VOTOS EN BLANCO|113,494|0|0.639
91.697|07/06/2021 09:48 h|VOTOS NULOS|1,005,875|0|5.659
91.897|07/06/2021 10:17 h|FUERZA POPULAR|8,349,503|50.050|46.899
91.897|07/06/2021 10:17 h|PARTIDO POLITICO NACIONAL PERU LIBRE|8,332,813|49.950|46.805
91.897|07/06/2021 10:17 h|TOTAL DE VOTOS EMITIDOS|17,803,306|0|100.000
91.897|07/06/2021 10:17 h|TOTAL DE VOTOS VÁLIDOS|16,682,316|100.000|93.703
91.897|07/06/2021 10:17 h|VOTOS EN BLANCO|113,719|0|0.639
91.897|07/06/2021 10:17 h|VOTOS NULOS|1,007,271|0|5.658
92.140|07/06/2021 10:48 h|FUERZA POPULAR|8,358,888|50.014|46.865
92.140|07/06/2021 10:48 h|PARTIDO POLITICO NACIONAL PERU LIBRE|8,354,217|49.986|46.839
92.140|07/06/2021 10:48 h|TOTAL DE VOTOS EMITIDOS|17,836,144|0|100.000
92.140|07/06/2021 10:48 h|TOTAL DE VOTOS VÁLIDOS|16,713,105|100.000|93.704
92.140|07/06/2021 10:48 h|VOTOS EN BLANCO|113,997|0|0.639
92.140|07/06/2021 10:48 h|VOTOS NULOS|1,009,042|0|5.657
92.620|07/06/2021 11:19 h|FUERZA POPULAR|8,373,661|49.924|46.782
92.620|07/06/2021 11:19 h|PARTIDO POLITICO NACIONAL PERU LIBRE|8,399,160|50.076|46.924
92.620|07/06/2021 11:19 h|TOTAL DE VOTOS EMITIDOS|17,899,316|0|100.000
92.620|07/06/2021 11:19 h|TOTAL DE VOTOS VÁLIDOS|16,772,821|100.000|93.706
92.620|07/06/2021 11:19 h|VOTOS EN BLANCO|114,507|0|0.640
92.620|07/06/2021 11:19 h|VOTOS NULOS|1,011,988|0|5.654
92.820|07/06/2021 11:48 h|FUERZA POPULAR|8,384,107|49.898|46.758
92.820|07/06/2021 11:48 h|PARTIDO POLITICO NACIONAL PERU LIBRE|8,418,299|50.102|46.949
92.820|07/06/2021 11:48 h|TOTAL DE VOTOS EMITIDOS|17,930,893|0|100.000
92.820|07/06/2021 11:48 h|TOTAL DE VOTOS VÁLIDOS|16,802,406|100.000|93.706
92.820|07/06/2021 11:48 h|VOTOS EN BLANCO|114,773|0|0.640
92.820|07/06/2021 11:48 h|VOTOS NULOS|1,013,714|0|5.653
92.902|07/06/2021 12:21 h|FUERZA POPULAR|8,386,897|49.884|46.744
92.902|07/06/2021 12:21 h|PARTIDO POLITICO NACIONAL PERU LIBRE|8,426,061|50.116|46.962
92.902|07/06/2021 12:21 h|TOTAL DE VOTOS EMITIDOS|17,942,168|0|100.000
92.902|07/06/2021 12:21 h|TOTAL DE VOTOS VÁLIDOS|16,812,958|100.000|93.706
92.902|07/06/2021 12:21 h|VOTOS EN BLANCO|114,886|0|0.640
92.902|07/06/2021 12:21 h|VOTOS NULOS|1,014,324|0|5.653
93.018|07/06/2021 12:48 h|FUERZA POPULAR|8,391,809|49.875|46.736
93.018|07/06/2021 12:48 h|PARTIDO POLITICO NACIONAL PERU LIBRE|8,433,731|50.125|46.969
93.018|07/06/2021 12:48 h|TOTAL DE VOTOS EMITIDOS|17,955,767|0|100.000
93.018|07/06/2021 12:48 h|TOTAL DE VOTOS VÁLIDOS|16,825,540|100.000|93.705
93.018|07/06/2021 12:48 h|VOTOS EN BLANCO|115,055|0|0.641
93.018|07/06/2021 12:48 h|VOTOS NULOS|1,015,172|0|5.654
93.308|07/06/2021 13:18 h|FUERZA POPULAR|8,404,569|49.844|46.706
93.308|07/06/2021 13:18 h|PARTIDO POLITICO NACIONAL PERU LIBRE|8,457,284|50.156|46.999
93.308|07/06/2021 13:18 h|TOTAL DE VOTOS EMITIDOS|17,994,584|0|100.000
93.308|07/06/2021 13:18 h|TOTAL DE VOTOS VÁLIDOS|16,861,853|100.000|93.705
93.308|07/06/2021 13:18 h|VOTOS EN BLANCO|115,513|0|0.642
93.308|07/06/2021 13:18 h|VOTOS NULOS|1,017,218|0|5.653
93.383|07/06/2021 13:40 h|FUERZA POPULAR|8,407,930|49.835|46.698
93.383|07/06/2021 13:40 h|PARTIDO POLITICO NACIONAL PERU LIBRE|8,463,568|50.165|47.007
93.383|07/06/2021 13:40 h|TOTAL DE VOTOS EMITIDOS|18,004,805|0|100.000
93.383|07/06/2021 13:40 h|TOTAL DE VOTOS VÁLIDOS|16,871,498|100.000|93.706
93.383|07/06/2021 13:40 h|VOTOS EN BLANCO|115,628|0|0.642
93.383|07/06/2021 13:40 h|VOTOS NULOS|1,017,679|0|5.652
93.479|07/06/2021 14:22 h|FUERZA POPULAR|8,413,767|49.835|46.698
93.479|07/06/2021 14:22 h|PARTIDO POLITICO NACIONAL PERU LIBRE|8,469,621|50.165|47.008
93.479|07/06/2021 14:22 h|TOTAL DE VOTOS EMITIDOS|18,017,490|0|100.000
93.479|07/06/2021 14:22 h|TOTAL DE VOTOS VÁLIDOS|16,883,388|100.000|93.706
93.479|07/06/2021 14:22 h|VOTOS EN BLANCO|115,766|0|0.643
93.479|07/06/2021 14:22 h|VOTOS NULOS|1,018,336|0|5.652
93.573|07/06/2021 14:49 h|FUERZA POPULAR|8,419,184|49.833|46.696
93.573|07/06/2021 14:49 h|PARTIDO POLITICO NACIONAL PERU LIBRE|8,475,774|50.167|47.010
93.573|07/06/2021 14:49 h|TOTAL DE VOTOS EMITIDOS|18,029,700|0|100.000
93.573|07/06/2021 14:49 h|TOTAL DE VOTOS VÁLIDOS|16,894,958|100.000|93.706
93.573|07/06/2021 14:49 h|VOTOS EN BLANCO|115,906|0|0.643
93.573|07/06/2021 14:49 h|VOTOS NULOS|1,018,836|0|5.651
93.663|07/06/2021 15:21 h|FUERZA POPULAR|8,421,913|49.820|46.684
93.663|07/06/2021 15:21 h|PARTIDO POLITICO NACIONAL PERU LIBRE|8,482,812|50.180|47.022
93.663|07/06/2021 15:21 h|TOTAL DE VOTOS EMITIDOS|18,040,243|0|100.000
93.663|07/06/2021 15:21 h|TOTAL DE VOTOS VÁLIDOS|16,904,725|100.000|93.706
93.663|07/06/2021 15:21 h|VOTOS EN BLANCO|116,011|0|0.643
93.663|07/06/2021 15:21 h|VOTOS NULOS|1,019,507|0|5.651
93.840|07/06/2021 15:51 h|FUERZA POPULAR|8,426,917|49.780|46.645
93.840|07/06/2021 15:51 h|PARTIDO POLITICO NACIONAL PERU LIBRE|8,501,553|50.220|47.059
93.840|07/06/2021 15:51 h|TOTAL DE VOTOS EMITIDOS|18,065,923|0|100.000
93.840|07/06/2021 15:51 h|TOTAL DE VOTOS VÁLIDOS|16,928,470|100.000|93.704
93.840|07/06/2021 15:51 h|VOTOS EN BLANCO|116,311|0|0.644
93.840|07/06/2021 15:51 h|VOTOS NULOS|1,021,142|0|5.652
94.138|07/06/2021 16:45 h|FUERZA POPULAR|8,441,414|49.759|46.625
94.138|07/06/2021 16:45 h|PARTIDO POLITICO NACIONAL PERU LIBRE|8,523,267|50.241|47.077
94.138|07/06/2021 16:45 h|TOTAL DE VOTOS EMITIDOS|18,105,018|0|100.000
94.138|07/06/2021 16:45 h|TOTAL DE VOTOS VÁLIDOS|16,964,681|100.000|93.702
94.138|07/06/2021 16:45 h|VOTOS EN BLANCO|116,768|0|0.645
94.138|07/06/2021 16:45 h|VOTOS NULOS|1,023,569|0|5.654
94.243|07/06/2021 17:18 h|FUERZA POPULAR|8,445,121|49.741|46.607
94.243|07/06/2021 17:18 h|PARTIDO POLITICO NACIONAL PERU LIBRE|8,532,945|50.259|47.092
94.243|07/06/2021 17:18 h|TOTAL DE VOTOS EMITIDOS|18,119,889|0|100.000
94.243|07/06/2021 17:18 h|TOTAL DE VOTOS VÁLIDOS|16,978,066|100.000|93.699
94.243|07/06/2021 17:18 h|VOTOS EN BLANCO|116,926|0|0.645
94.243|07/06/2021 17:18 h|VOTOS NULOS|1,024,897|0|5.656
94.279|07/06/2021 17:48 h|FUERZA POPULAR|8,446,117|49.736|46.601
94.279|07/06/2021 17:48 h|PARTIDO POLITICO NACIONAL PERU LIBRE|8,535,849|50.264|47.096
94.279|07/06/2021 17:48 h|TOTAL DE VOTOS EMITIDOS|18,124,270|0|100.000
94.279|07/06/2021 17:48 h|TOTAL DE VOTOS VÁLIDOS|16,981,966|100.000|93.697
94.279|07/06/2021 17:48 h|VOTOS EN BLANCO|117,006|0|0.646
94.279|07/06/2021 17:48 h|VOTOS NULOS|1,025,298|0|5.657
94.289|07/06/2021 18:18 h|FUERZA POPULAR|8,445,841|49.733|46.599
94.289|07/06/2021 18:18 h|PARTIDO POLITICO NACIONAL PERU LIBRE|8,536,365|50.267|47.098
94.289|07/06/2021 18:18 h|TOTAL DE VOTOS EMITIDOS|18,124,504|0|100.000
94.289|07/06/2021 18:18 h|TOTAL DE VOTOS VÁLIDOS|16,982,206|100.000|93.697
94.289|07/06/2021 18:18 h|VOTOS EN BLANCO|117,019|0|0.646
94.289|07/06/2021 18:18 h|VOTOS NULOS|1,025,279|0|5.657
94.402|07/06/2021 18:48 h|FUERZA POPULAR|8,453,225|49.735|46.601
94.402|07/06/2021 18:48 h|PARTIDO POLITICO NACIONAL PERU LIBRE|8,543,145|50.265|47.097
94.402|07/06/2021 18:48 h|TOTAL DE VOTOS EMITIDOS|18,139,614|0|100.000
94.402|07/06/2021 18:48 h|TOTAL DE VOTOS VÁLIDOS|16,996,370|100.000|93.698
94.402|07/06/2021 18:48 h|VOTOS EN BLANCO|117,180|0|0.646
94.402|07/06/2021 18:48 h|VOTOS NULOS|1,026,064|0|5.656
94.478|07/06/2021 19:23 h|FUERZA POPULAR|8,457,547|49.731|46.596
94.478|07/06/2021 19:23 h|PARTIDO POLITICO NACIONAL PERU LIBRE|8,548,929|50.269|47.100
94.478|07/06/2021 19:23 h|TOTAL DE VOTOS EMITIDOS|18,150,627|0|100.000
94.478|07/06/2021 19:23 h|TOTAL DE VOTOS VÁLIDOS|17,006,476|100.000|93.696
94.478|07/06/2021 19:23 h|VOTOS EN BLANCO|117,313|0|0.646
94.478|07/06/2021 19:23 h|VOTOS NULOS|1,026,838|0|5.657
94.523|07/06/2021 19:54 h|FUERZA POPULAR|8,459,997|49.729|46.594
94.523|07/06/2021 19:54 h|PARTIDO POLITICO NACIONAL PERU LIBRE|8,552,172|50.271|47.102
94.523|07/06/2021 19:54 h|TOTAL DE VOTOS EMITIDOS|18,156,854|0|100.000
94.523|07/06/2021 19:54 h|TOTAL DE VOTOS VÁLIDOS|17,012,169|100.000|93.696
94.523|07/06/2021 19:54 h|VOTOS EN BLANCO|117,387|0|0.647
94.523|07/06/2021 19:54 h|VOTOS NULOS|1,027,298|0|5.658
94.679|07/06/2021 20:18 h|FUERZA POPULAR|8,467,081|49.726|46.592
94.679|07/06/2021 20:18 h|PARTIDO POLITICO NACIONAL PERU LIBRE|8,560,232|50.274|47.104
94.679|07/06/2021 20:18 h|TOTAL DE VOTOS EMITIDOS|18,172,862|0|100.000
94.679|07/06/2021 20:18 h|TOTAL DE VOTOS VÁLIDOS|17,027,313|100.000|93.696
94.679|07/06/2021 20:18 h|VOTOS EN BLANCO|117,487|0|0.646
94.679|07/06/2021 20:18 h|VOTOS NULOS|1,028,062|0|5.657
94.866|07/06/2021 20:48 h|FUERZA POPULAR|8,475,639|49.720|46.587
94.866|07/06/2021 20:48 h|PARTIDO POLITICO NACIONAL PERU LIBRE|8,571,147|50.280|47.111
94.866|07/06/2021 20:48 h|TOTAL DE VOTOS EMITIDOS|18,193,334|0|100.000
94.866|07/06/2021 20:48 h|TOTAL DE VOTOS VÁLIDOS|17,046,786|100.000|93.698
94.866|07/06/2021 20:48 h|VOTOS EN BLANCO|117,645|0|0.647
94.866|07/06/2021 20:48 h|VOTOS NULOS|1,028,903|0|5.655
94.871|07/06/2021 21:19 h|FUERZA POPULAR|8,475,838|49.720|46.586
94.871|07/06/2021 21:19 h|PARTIDO POLITICO NACIONAL PERU LIBRE|8,571,378|50.280|47.112
94.871|07/06/2021 21:19 h|TOTAL DE VOTOS EMITIDOS|18,193,778|0|100.000
94.871|07/06/2021 21:19 h|TOTAL DE VOTOS VÁLIDOS|17,047,216|100.000|93.698
94.871|07/06/2021 21:19 h|VOTOS EN BLANCO|117,645|0|0.647
94.871|07/06/2021 21:19 h|VOTOS NULOS|1,028,917|0|5.655
94.879|07/06/2021 21:48 h|FUERZA POPULAR|8,476,149|49.719|46.586
94.879|07/06/2021 21:48 h|PARTIDO POLITICO NACIONAL PERU LIBRE|8,571,795|50.281|47.112
94.879|07/06/2021 21:48 h|TOTAL DE VOTOS EMITIDOS|18,194,559|0|100.000
94.879|07/06/2021 21:48 h|TOTAL DE VOTOS VÁLIDOS|17,047,944|100.000|93.698
94.879|07/06/2021 21:48 h|VOTOS EN BLANCO|117,652|0|0.647
94.879|07/06/2021 21:48 h|VOTOS NULOS|1,028,963|0|5.655
94.906|07/06/2021 22:18 h|FUERZA POPULAR|8,477,047|49.712|46.580
94.906|07/06/2021 22:18 h|PARTIDO POLITICO NACIONAL PERU LIBRE|8,575,142|50.288|47.119
94.906|07/06/2021 22:18 h|TOTAL DE VOTOS EMITIDOS|18,199,088|0|100.000
94.906|07/06/2021 22:18 h|TOTAL DE VOTOS VÁLIDOS|17,052,189|100.000|93.698
94.906|07/06/2021 22:18 h|VOTOS EN BLANCO|117,701|0|0.647
94.906|07/06/2021 22:18 h|VOTOS NULOS|1,029,198|0|5.655
94.906|07/06/2021 22:48 h|FUERZA POPULAR|8,477,047|49.712|46.580
94.906|07/06/2021 22:48 h|PARTIDO POLITICO NACIONAL PERU LIBRE|8,575,142|50.288|47.119
94.906|07/06/2021 22:48 h|TOTAL DE VOTOS EMITIDOS|18,199,088|0|100.000
94.906|07/06/2021 22:48 h|TOTAL DE VOTOS VÁLIDOS|17,052,189|100.000|93.698
94.906|07/06/2021 22:48 h|VOTOS EN BLANCO|117,701|0|0.647
94.906|07/06/2021 22:48 h|VOTOS NULOS|1,029,198|0|5.655
94.915|07/06/2021 23:48 h|FUERZA POPULAR|8,477,654|49.713|46.580
94.915|07/06/2021 23:48 h|PARTIDO POLITICO NACIONAL PERU LIBRE|8,575,666|50.287|47.118
94.915|07/06/2021 23:48 h|TOTAL DE VOTOS EMITIDOS|18,200,343|0|100.000
94.915|07/06/2021 23:48 h|TOTAL DE VOTOS VÁLIDOS|17,053,320|100.000|93.698
94.915|07/06/2021 23:48 h|VOTOS EN BLANCO|117,743|0|0.647
94.915|07/06/2021 23:48 h|VOTOS NULOS|1,029,280|0|5.655
94.915|08/06/2021 00:19 h|FUERZA POPULAR|8,477,654|49.713|46.580
94.915|08/06/2021 00:19 h|PARTIDO POLITICO NACIONAL PERU LIBRE|8,575,666|50.287|47.118
94.915|08/06/2021 00:19 h|TOTAL DE VOTOS EMITIDOS|18,200,343|0|100.000
94.915|08/06/2021 00:19 h|TOTAL DE VOTOS VÁLIDOS|17,053,320|100.000|93.698
94.915|08/06/2021 00:19 h|VOTOS EN BLANCO|117,743|0|0.647
94.915|08/06/2021 00:19 h|VOTOS NULOS|1,029,280|0|5.655
94.916|07/06/2021 23:18 h|FUERZA POPULAR|8,477,744|49.713|46.580
94.916|07/06/2021 23:18 h|PARTIDO POLITICO NACIONAL PERU LIBRE|8,575,756|50.287|47.118
94.916|07/06/2021 23:18 h|TOTAL DE VOTOS EMITIDOS|18,200,540|0|100.000
94.916|07/06/2021 23:18 h|TOTAL DE VOTOS VÁLIDOS|17,053,500|100.000|93.698
94.916|07/06/2021 23:18 h|VOTOS EN BLANCO|117,745|0|0.647
94.916|07/06/2021 23:18 h|VOTOS NULOS|1,029,295|0|5.655
94.916|08/06/2021 00:48 h|FUERZA POPULAR|8,477,697|49.712|46.579
94.916|08/06/2021 00:48 h|PARTIDO POLITICO NACIONAL PERU LIBRE|8,575,829|50.288|47.119
94.916|08/06/2021 00:48 h|TOTAL DE VOTOS EMITIDOS|18,200,555|0|100.000
94.916|08/06/2021 00:48 h|TOTAL DE VOTOS VÁLIDOS|17,053,526|100.000|93.698
94.916|08/06/2021 00:48 h|VOTOS EN BLANCO|117,744|0|0.647
94.916|08/06/2021 00:48 h|VOTOS NULOS|1,029,285|0|5.655
94.916|08/06/2021 01:19 h|FUERZA POPULAR|8,477,697|49.712|46.579
94.916|08/06/2021 01:19 h|PARTIDO POLITICO NACIONAL PERU LIBRE|8,575,829|50.288|47.119
94.916|08/06/2021 01:19 h|TOTAL DE VOTOS EMITIDOS|18,200,555|0|100.000
94.916|08/06/2021 01:19 h|TOTAL DE VOTOS VÁLIDOS|17,053,526|100.000|93.698
94.916|08/06/2021 01:19 h|VOTOS EN BLANCO|117,744|0|0.647
94.916|08/06/2021 01:19 h|VOTOS NULOS|1,029,285|0|5.655
94.916|08/06/2021 01:48 h|FUERZA POPULAR|8,477,697|49.712|46.579
94.916|08/06/2021 01:48 h|PARTIDO POLITICO NACIONAL PERU LIBRE|8,575,829|50.288|47.119
94.916|08/06/2021 01:48 h|TOTAL DE VOTOS EMITIDOS|18,200,555|0|100.000
94.916|08/06/2021 01:48 h|TOTAL DE VOTOS VÁLIDOS|17,053,526|100.000|93.698
94.916|08/06/2021 01:48 h|VOTOS EN BLANCO|117,744|0|0.647
94.916|08/06/2021 01:48 h|VOTOS NULOS|1,029,285|0|5.655
94.921|08/06/2021 02:19 h|FUERZA POPULAR|8,477,817|49.712|46.579
94.921|08/06/2021 02:19 h|PARTIDO POLITICO NACIONAL PERU LIBRE|8,575,987|50.288|47.118
94.921|08/06/2021 02:19 h|TOTAL DE VOTOS EMITIDOS|18,201,044|0|100.000
94.921|08/06/2021 02:19 h|TOTAL DE VOTOS VÁLIDOS|17,053,804|100.000|93.697
94.921|08/06/2021 02:19 h|VOTOS EN BLANCO|117,770|0|0.647
94.921|08/06/2021 02:19 h|VOTOS NULOS|1,029,470|0|5.656
94.921|08/06/2021 02:49 h|FUERZA POPULAR|8,477,817|49.712|46.579
94.921|08/06/2021 02:49 h|PARTIDO POLITICO NACIONAL PERU LIBRE|8,575,987|50.288|47.118
94.921|08/06/2021 02:49 h|TOTAL DE VOTOS EMITIDOS|18,201,044|0|100.000
94.921|08/06/2021 02:49 h|TOTAL DE VOTOS VÁLIDOS|17,053,804|100.000|93.697
94.921|08/06/2021 02:49 h|VOTOS EN BLANCO|117,770|0|0.647
94.921|08/06/2021 02:49 h|VOTOS NULOS|1,029,470|0|5.656
94.921|08/06/2021 03:18 h|FUERZA POPULAR|8,477,817|49.712|46.579
94.921|08/06/2021 03:18 h|PARTIDO POLITICO NACIONAL PERU LIBRE|8,575,987|50.288|47.118
94.921|08/06/2021 03:18 h|TOTAL DE VOTOS EMITIDOS|18,201,044|0|100.000
94.921|08/06/2021 03:18 h|TOTAL DE VOTOS VÁLIDOS|17,053,804|100.000|93.697
94.921|08/06/2021 03:18 h|VOTOS EN BLANCO|117,770|0|0.647
94.921|08/06/2021 03:18 h|VOTOS NULOS|1,029,470|0|5.656
94.921|08/06/2021 03:49 h|FUERZA POPULAR|8,477,817|49.712|46.579
94.921|08/06/2021 03:49 h|PARTIDO POLITICO NACIONAL PERU LIBRE|8,575,987|50.288|47.118
94.921|08/06/2021 03:49 h|TOTAL DE VOTOS EMITIDOS|18,201,044|0|100.000
94.921|08/06/2021 03:49 h|TOTAL DE VOTOS VÁLIDOS|17,053,804|100.000|93.697
94.921|08/06/2021 03:49 h|VOTOS EN BLANCO|117,770|0|0.647
94.921|08/06/2021 03:49 h|VOTOS NULOS|1,029,470|0|5.656
94.921|08/06/2021 04:19 h|FUERZA POPULAR|8,477,817|49.712|46.579
94.921|08/06/2021 04:19 h|PARTIDO POLITICO NACIONAL PERU LIBRE|8,575,987|50.288|47.118
94.921|08/06/2021 04:19 h|TOTAL DE VOTOS EMITIDOS|18,201,044|0|100.000
94.921|08/06/2021 04:19 h|TOTAL DE VOTOS VÁLIDOS|17,053,804|100.000|93.697
94.921|08/06/2021 04:19 h|VOTOS EN BLANCO|117,770|0|0.647
94.921|08/06/2021 04:19 h|VOTOS NULOS|1,029,470|0|5.656
95.140|08/06/2021 04:48 h|FUERZA POPULAR|8,489,971|49.731|46.597
95.140|08/06/2021 04:48 h|PARTIDO POLITICO NACIONAL PERU LIBRE|8,581,886|50.269|47.101
95.140|08/06/2021 04:48 h|TOTAL DE VOTOS EMITIDOS|18,220,125|0|100.000
95.140|08/06/2021 04:48 h|TOTAL DE VOTOS VÁLIDOS|17,071,857|100.000|93.698
95.140|08/06/2021 04:48 h|VOTOS EN BLANCO|117,866|0|0.647
95.140|08/06/2021 04:48 h|VOTOS NULOS|1,030,402|0|5.655
95.255|08/06/2021 05:19 h|FUERZA POPULAR|8,497,312|49.746|46.611
95.255|08/06/2021 05:19 h|PARTIDO POLITICO NACIONAL PERU LIBRE|8,584,187|50.254|47.088
95.255|08/06/2021 05:19 h|TOTAL DE VOTOS EMITIDOS|18,230,142|0|100.000
95.255|08/06/2021 05:19 h|TOTAL DE VOTOS VÁLIDOS|17,081,499|100.000|93.699
95.255|08/06/2021 05:19 h|VOTOS EN BLANCO|117,898|0|0.647
95.255|08/06/2021 05:19 h|VOTOS NULOS|1,030,745|0|5.654
95.255|08/06/2021 05:53 h|FUERZA POPULAR|8,497,312|49.746|46.611
95.255|08/06/2021 05:53 h|PARTIDO POLITICO NACIONAL PERU LIBRE|8,584,187|50.254|47.088
95.255|08/06/2021 05:53 h|TOTAL DE VOTOS EMITIDOS|18,230,142|0|100.000
95.255|08/06/2021 05:53 h|TOTAL DE VOTOS VÁLIDOS|17,081,499|100.000|93.699
95.255|08/06/2021 05:53 h|VOTOS EN BLANCO|117,898|0|0.647
95.255|08/06/2021 05:53 h|VOTOS NULOS|1,030,745|0|5.654
95.255|08/06/2021 06:19 h|FUERZA POPULAR|8,497,312|49.746|46.611
95.255|08/06/2021 06:19 h|PARTIDO POLITICO NACIONAL PERU LIBRE|8,584,187|50.254|47.088
95.255|08/06/2021 06:19 h|TOTAL DE VOTOS EMITIDOS|18,230,142|0|100.000
95.255|08/06/2021 06:19 h|TOTAL DE VOTOS VÁLIDOS|17,081,499|100.000|93.699
95.255|08/06/2021 06:19 h|VOTOS EN BLANCO|117,898|0|0.647
95.255|08/06/2021 06:19 h|VOTOS NULOS|1,030,745|0|5.654
95.255|08/06/2021 06:49 h|FUERZA POPULAR|8,497,312|49.746|46.611
95.255|08/06/2021 06:49 h|PARTIDO POLITICO NACIONAL PERU LIBRE|8,584,187|50.254|47.088
95.255|08/06/2021 06:49 h|TOTAL DE VOTOS EMITIDOS|18,230,142|0|100.000
95.255|08/06/2021 06:49 h|TOTAL DE VOTOS VÁLIDOS|17,081,499|100.000|93.699
95.255|08/06/2021 06:49 h|VOTOS EN BLANCO|117,898|0|0.647
95.255|08/06/2021 06:49 h|VOTOS NULOS|1,030,745|0|5.654
95.255|08/06/2021 07:18 h|FUERZA POPULAR|8,497,312|49.746|46.611
95.255|08/06/2021 07:18 h|PARTIDO POLITICO NACIONAL PERU LIBRE|8,584,187|50.254|47.088
95.255|08/06/2021 07:18 h|TOTAL DE VOTOS EMITIDOS|18,230,142|0|100.000
95.255|08/06/2021 07:18 h|TOTAL DE VOTOS VÁLIDOS|17,081,499|100.000|93.699
95.255|08/06/2021 07:18 h|VOTOS EN BLANCO|117,898|0|0.647
95.255|08/06/2021 07:18 h|VOTOS NULOS|1,030,745|0|5.654
95.432|08/06/2021 07:52 h|FUERZA POPULAR|8,505,270|49.745|46.612
95.432|08/06/2021 07:52 h|PARTIDO POLITICO NACIONAL PERU LIBRE|8,592,527|50.255|47.090
95.432|08/06/2021 07:52 h|TOTAL DE VOTOS EMITIDOS|18,247,086|0|100.000
95.432|08/06/2021 07:52 h|TOTAL DE VOTOS VÁLIDOS|17,097,797|100.000|93.702
95.432|08/06/2021 07:52 h|VOTOS EN BLANCO|117,955|0|0.646
95.432|08/06/2021 07:52 h|VOTOS NULOS|1,031,334|0|5.652
95.591|08/06/2021 08:24 h|FUERZA POPULAR|8,511,833|49.756|46.622
95.591|08/06/2021 08:24 h|PARTIDO POLITICO NACIONAL PERU LIBRE|8,595,421|50.244|47.080
95.591|08/06/2021 08:24 h|TOTAL DE VOTOS EMITIDOS|18,256,975|0|100.000
95.591|08/06/2021 08:24 h|TOTAL DE VOTOS VÁLIDOS|17,107,254|100.000|93.703
95.591|08/06/2021 08:24 h|VOTOS EN BLANCO|117,998|0|0.646
95.591|08/06/2021 08:24 h|VOTOS NULOS|1,031,723|0|5.651
95.592|08/06/2021 08:48 h|FUERZA POPULAR|8,511,882|49.756|46.622
95.592|08/06/2021 08:48 h|PARTIDO POLITICO NACIONAL PERU LIBRE|8,595,431|50.244|47.080
95.592|08/06/2021 08:48 h|TOTAL DE VOTOS EMITIDOS|18,257,037|0|100.000
95.592|08/06/2021 08:48 h|TOTAL DE VOTOS VÁLIDOS|17,107,313|100.000|93.703
95.592|08/06/2021 08:48 h|VOTOS EN BLANCO|117,998|0|0.646
95.592|08/06/2021 08:48 h|VOTOS NULOS|1,031,726|0|5.651
95.705|08/06/2021 09:18 h|FUERZA POPULAR|8,518,159|49.770|46.636
95.705|08/06/2021 09:18 h|PARTIDO POLITICO NACIONAL PERU LIBRE|8,596,896|50.230|47.067
95.705|08/06/2021 09:18 h|TOTAL DE VOTOS EMITIDOS|18,265,065|0|100.000
95.705|08/06/2021 09:18 h|TOTAL DE VOTOS VÁLIDOS|17,115,055|100.000|93.704
95.705|08/06/2021 09:18 h|VOTOS EN BLANCO|118,014|0|0.646
95.705|08/06/2021 09:18 h|VOTOS NULOS|1,031,996|0|5.650
95.728|08/06/2021 09:48 h|FUERZA POPULAR|8,519,363|49.773|46.639
95.728|08/06/2021 09:48 h|PARTIDO POLITICO NACIONAL PERU LIBRE|8,597,169|50.227|47.065
95.728|08/06/2021 09:48 h|TOTAL DE VOTOS EMITIDOS|18,266,683|0|100.000
95.728|08/06/2021 09:48 h|TOTAL DE VOTOS VÁLIDOS|17,116,532|100.000|93.704
95.728|08/06/2021 09:48 h|VOTOS EN BLANCO|118,025|0|0.646
95.728|08/06/2021 09:48 h|VOTOS NULOS|1,032,126|0|5.650
95.728|08/06/2021 10:19 h|FUERZA POPULAR|8,519,363|49.773|46.639
95.728|08/06/2021 10:19 h|PARTIDO POLITICO NACIONAL PERU LIBRE|8,597,169|50.227|47.065
95.728|08/06/2021 10:19 h|TOTAL DE VOTOS EMITIDOS|18,266,683|0|100.000
95.728|08/06/2021 10:19 h|TOTAL DE VOTOS VÁLIDOS|17,116,532|100.000|93.704
95.728|08/06/2021 10:19 h|VOTOS EN BLANCO|118,025|0|0.646
95.728|08/06/2021 10:19 h|VOTOS NULOS|1,032,126|0|5.650
95.799|08/06/2021 10:49 h|FUERZA POPULAR|8,523,004|49.780|46.646
95.799|08/06/2021 10:49 h|PARTIDO POLITICO NACIONAL PERU LIBRE|8,598,481|50.220|47.059
95.799|08/06/2021 10:49 h|TOTAL DE VOTOS EMITIDOS|18,271,822|0|100.000
95.799|08/06/2021 10:49 h|TOTAL DE VOTOS VÁLIDOS|17,121,485|100.000|93.704
95.799|08/06/2021 10:49 h|VOTOS EN BLANCO|118,047|0|0.646
95.799|08/06/2021 10:49 h|VOTOS NULOS|1,032,290|0|5.650
95.802|08/06/2021 11:18 h|FUERZA POPULAR|8,523,183|49.779|46.645
95.802|08/06/2021 11:18 h|PARTIDO POLITICO NACIONAL PERU LIBRE|8,598,728|50.221|47.059
95.802|08/06/2021 11:18 h|TOTAL DE VOTOS EMITIDOS|18,272,277|0|100.000
95.802|08/06/2021 11:18 h|TOTAL DE VOTOS VÁLIDOS|17,121,911|100.000|93.704
95.802|08/06/2021 11:18 h|VOTOS EN BLANCO|118,047|0|0.646
95.802|08/06/2021 11:18 h|VOTOS NULOS|1,032,319|0|5.650
95.968|08/06/2021 12:05 h|FUERZA POPULAR|8,533,636|49.786|46.649
95.968|08/06/2021 12:05 h|PARTIDO POLITICO NACIONAL PERU LIBRE|8,607,037|50.214|47.050
95.968|08/06/2021 12:05 h|TOTAL DE VOTOS EMITIDOS|18,293,453|0|100.000
95.968|08/06/2021 12:05 h|TOTAL DE VOTOS VÁLIDOS|17,140,673|100.000|93.698
95.968|08/06/2021 12:05 h|VOTOS EN BLANCO|118,203|0|0.646
95.968|08/06/2021 12:05 h|VOTOS NULOS|1,034,577|0|5.655
96.146|08/06/2021 12:18 h|FUERZA POPULAR|8,545,504|49.795|46.657
96.146|08/06/2021 12:18 h|PARTIDO POLITICO NACIONAL PERU LIBRE|8,615,701|50.205|47.040
96.146|08/06/2021 12:18 h|TOTAL DE VOTOS EMITIDOS|18,315,683|0|100.000
96.146|08/06/2021 12:18 h|TOTAL DE VOTOS VÁLIDOS|17,161,205|100.000|93.697
96.146|08/06/2021 12:18 h|VOTOS EN BLANCO|118,346|0|0.646
96.146|08/06/2021 12:18 h|VOTOS NULOS|1,036,132|0|5.657
96.173|08/06/2021 12:49 h|FUERZA POPULAR|8,546,992|49.795|46.656
96.173|08/06/2021 12:49 h|PARTIDO POLITICO NACIONAL PERU LIBRE|8,617,293|50.205|47.040
96.173|08/06/2021 12:49 h|TOTAL DE VOTOS EMITIDOS|18,318,981|0|100.000
96.173|08/06/2021 12:49 h|TOTAL DE VOTOS VÁLIDOS|17,164,285|100.000|93.697
96.173|08/06/2021 12:49 h|VOTOS EN BLANCO|118,364|0|0.646
96.173|08/06/2021 12:49 h|VOTOS NULOS|1,036,332|0|5.657
96.201|08/06/2021 13:19 h|FUERZA POPULAR|8,549,305|49.797|46.654
96.201|08/06/2021 13:19 h|PARTIDO POLITICO NACIONAL PERU LIBRE|8,619,097|50.203|47.035
96.201|08/06/2021 13:19 h|TOTAL DE VOTOS EMITIDOS|18,324,733|0|100.000
96.201|08/06/2021 13:19 h|TOTAL DE VOTOS VÁLIDOS|17,168,402|100.000|93.690
96.201|08/06/2021 13:19 h|VOTOS EN BLANCO|118,391|0|0.646
96.201|08/06/2021 13:19 h|VOTOS NULOS|1,037,940|0|5.664
96.201|08/06/2021 13:48 h|FUERZA POPULAR|8,549,305|49.797|46.654
96.201|08/06/2021 13:48 h|PARTIDO POLITICO NACIONAL PERU LIBRE|8,619,097|50.203|47.035
96.201|08/06/2021 13:48 h|TOTAL DE VOTOS EMITIDOS|18,324,733|0|100.000
96.201|08/06/2021 13:48 h|TOTAL DE VOTOS VÁLIDOS|17,168,402|100.000|93.690
96.201|08/06/2021 13:48 h|VOTOS EN BLANCO|118,391|0|0.646
96.201|08/06/2021 13:48 h|VOTOS NULOS|1,037,940|0|5.664
96.219|08/06/2021 14:18 h|FUERZA POPULAR|8,550,511|49.797|46.655
96.219|08/06/2021 14:18 h|PARTIDO POLITICO NACIONAL PERU LIBRE|8,620,134|50.203|47.035
96.219|08/06/2021 14:18 h|TOTAL DE VOTOS EMITIDOS|18,327,142|0|100.000
96.219|08/06/2021 14:18 h|TOTAL DE VOTOS VÁLIDOS|17,170,645|100.000|93.690
96.219|08/06/2021 14:18 h|VOTOS EN BLANCO|118,412|0|0.646
96.219|08/06/2021 14:18 h|VOTOS NULOS|1,038,085|0|5.664
96.327|08/06/2021 14:49 h|FUERZA POPULAR|8,553,484|49.772|46.632
96.327|08/06/2021 14:49 h|PARTIDO POLITICO NACIONAL PERU LIBRE|8,631,775|50.228|47.058
96.327|08/06/2021 14:49 h|TOTAL DE VOTOS EMITIDOS|18,342,682|0|100.000
96.327|08/06/2021 14:49 h|TOTAL DE VOTOS VÁLIDOS|17,185,259|100.000|93.690
96.327|08/06/2021 14:49 h|VOTOS EN BLANCO|118,605|0|0.647
96.327|08/06/2021 14:49 h|VOTOS NULOS|1,038,818|0|5.663
96.452|08/06/2021 15:48 h|FUERZA POPULAR|8,558,563|49.759|46.619
96.452|08/06/2021 15:48 h|PARTIDO POLITICO NACIONAL PERU LIBRE|8,641,358|50.241|47.070
96.452|08/06/2021 15:48 h|TOTAL DE VOTOS EMITIDOS|18,358,343|0|100.000
96.452|08/06/2021 15:48 h|TOTAL DE VOTOS VÁLIDOS|17,199,921|100.000|93.690
96.452|08/06/2021 15:48 h|VOTOS EN BLANCO|118,744|0|0.647
96.452|08/06/2021 15:48 h|VOTOS NULOS|1,039,678|0|5.663
96.477|08/06/2021 16:19 h|FUERZA POPULAR|8,560,013|49.756|46.616
96.477|08/06/2021 16:19 h|PARTIDO POLITICO NACIONAL PERU LIBRE|8,644,013|50.244|47.073
96.477|08/06/2021 16:19 h|TOTAL DE VOTOS EMITIDOS|18,362,945|0|100.000
96.477|08/06/2021 16:19 h|TOTAL DE VOTOS VÁLIDOS|17,204,026|100.000|93.689
96.477|08/06/2021 16:19 h|VOTOS EN BLANCO|118,798|0|0.647
96.477|08/06/2021 16:19 h|VOTOS NULOS|1,040,121|0|5.664
96.500|08/06/2021 16:48 h|FUERZA POPULAR|8,562,260|49.757|46.616
96.500|08/06/2021 16:48 h|PARTIDO POLITICO NACIONAL PERU LIBRE|8,645,906|50.243|47.072
96.500|08/06/2021 16:48 h|TOTAL DE VOTOS EMITIDOS|18,367,500|0|100.000
96.500|08/06/2021 16:48 h|TOTAL DE VOTOS VÁLIDOS|17,208,166|100.000|93.688
96.500|08/06/2021 16:48 h|VOTOS EN BLANCO|118,820|0|0.647
96.500|08/06/2021 16:48 h|VOTOS NULOS|1,040,514|0|5.665
96.523|08/06/2021 17:20 h|FUERZA POPULAR|8,563,117|49.752|46.611
96.523|08/06/2021 17:20 h|PARTIDO POLITICO NACIONAL PERU LIBRE|8,648,559|50.248|47.076
96.523|08/06/2021 17:20 h|TOTAL DE VOTOS EMITIDOS|18,371,641|0|100.000
96.523|08/06/2021 17:20 h|TOTAL DE VOTOS VÁLIDOS|17,211,676|100.000|93.686
96.523|08/06/2021 17:20 h|VOTOS EN BLANCO|118,869|0|0.647
96.523|08/06/2021 17:20 h|VOTOS NULOS|1,041,096|0|5.667
96.589|08/06/2021 17:41 h|FUERZA POPULAR|8,565,321|49.732|46.593
96.589|08/06/2021 17:41 h|PARTIDO POLITICO NACIONAL PERU LIBRE|8,657,705|50.268|47.095
96.589|08/06/2021 17:41 h|TOTAL DE VOTOS EMITIDOS|18,383,399|0|100.000
96.589|08/06/2021 17:41 h|TOTAL DE VOTOS VÁLIDOS|17,223,026|100.000|93.688
96.589|08/06/2021 17:41 h|VOTOS EN BLANCO|118,947|0|0.647
96.589|08/06/2021 17:41 h|VOTOS NULOS|1,041,426|0|5.665
96.680|08/06/2021 18:19 h|FUERZA POPULAR|8,567,920|49.704|46.567
96.680|08/06/2021 18:19 h|PARTIDO POLITICO NACIONAL PERU LIBRE|8,670,028|50.296|47.122
96.680|08/06/2021 18:19 h|TOTAL DE VOTOS EMITIDOS|18,398,957|0|100.000
96.680|08/06/2021 18:19 h|TOTAL DE VOTOS VÁLIDOS|17,237,948|100.000|93.690
96.680|08/06/2021 18:19 h|VOTOS EN BLANCO|119,072|0|0.647
96.680|08/06/2021 18:19 h|VOTOS NULOS|1,041,937|0|5.663
96.737|08/06/2021 18:49 h|FUERZA POPULAR|8,569,672|49.689|46.554
96.737|08/06/2021 18:49 h|PARTIDO POLITICO NACIONAL PERU LIBRE|8,676,951|50.311|47.136
96.737|08/06/2021 18:49 h|TOTAL DE VOTOS EMITIDOS|18,408,194|0|100.000
96.737|08/06/2021 18:49 h|TOTAL DE VOTOS VÁLIDOS|17,246,623|100.000|93.690
96.737|08/06/2021 18:49 h|VOTOS EN BLANCO|119,139|0|0.647
96.737|08/06/2021 18:49 h|VOTOS NULOS|1,042,432|0|5.663
96.791|08/06/2021 19:49 h|FUERZA POPULAR|8,572,595|49.686|46.549
96.791|08/06/2021 19:49 h|PARTIDO POLITICO NACIONAL PERU LIBRE|8,680,993|50.314|47.137
96.791|08/06/2021 19:49 h|TOTAL DE VOTOS EMITIDOS|18,416,436|0|100.000
96.791|08/06/2021 19:49 h|TOTAL DE VOTOS VÁLIDOS|17,253,588|100.000|93.686
96.791|08/06/2021 19:49 h|VOTOS EN BLANCO|119,208|0|0.647
96.791|08/06/2021 19:49 h|VOTOS NULOS|1,043,640|0|5.667
96.868|08/06/2021 21:27 h|FUERZA POPULAR|8,574,035|49.672|46.533
96.868|08/06/2021 21:27 h|PARTIDO POLITICO NACIONAL PERU LIBRE|8,687,268|50.328|47.148
96.868|08/06/2021 21:27 h|TOTAL DE VOTOS EMITIDOS|18,425,579|0|100.000
96.868|08/06/2021 21:27 h|TOTAL DE VOTOS VÁLIDOS|17,261,303|100.000|93.681
96.868|08/06/2021 21:27 h|VOTOS EN BLANCO|119,327|0|0.648
96.868|08/06/2021 21:27 h|VOTOS NULOS|1,044,949|0|5.671
96.869|08/06/2021 21:00 h|FUERZA POPULAR|8,574,174|49.672|46.533
96.869|08/06/2021 21:00 h|PARTIDO POLITICO NACIONAL PERU LIBRE|8,687,367|50.328|47.148
96.869|08/06/2021 21:00 h|TOTAL DE VOTOS EMITIDOS|18,425,824|0|100.000
96.869|08/06/2021 21:00 h|TOTAL DE VOTOS VÁLIDOS|17,261,541|100.000|93.681
96.869|08/06/2021 21:00 h|VOTOS EN BLANCO|119,328|0|0.648
96.869|08/06/2021 21:00 h|VOTOS NULOS|1,044,955|0|5.671
97.512|08/06/2021 21:52 h|FUERZA POPULAR|8,610,551|49.723|46.582
97.512|08/06/2021 21:52 h|PARTIDO POLITICO NACIONAL PERU LIBRE|8,706,659|50.277|47.102
97.512|08/06/2021 21:52 h|TOTAL DE VOTOS EMITIDOS|18,484,724|0|100.000
97.512|08/06/2021 21:52 h|TOTAL DE VOTOS VÁLIDOS|17,317,210|100.000|93.684
97.512|08/06/2021 21:52 h|VOTOS EN BLANCO|119,626|0|0.647
97.512|08/06/2021 21:52 h|VOTOS NULOS|1,047,888|0|5.669
97.651|08/06/2021 22:22 h|FUERZA POPULAR|8,620,597|49.734|46.588
97.651|08/06/2021 22:22 h|PARTIDO POLITICO NACIONAL PERU LIBRE|8,712,897|50.266|47.087
97.651|08/06/2021 22:22 h|TOTAL DE VOTOS EMITIDOS|18,503,879|0|100.000
97.651|08/06/2021 22:22 h|TOTAL DE VOTOS VÁLIDOS|17,333,494|100.000|93.675
97.651|08/06/2021 22:22 h|VOTOS EN BLANCO|119,716|0|0.647
97.651|08/06/2021 22:22 h|VOTOS NULOS|1,050,669|0|5.678
97.821|08/06/2021 22:51 h|FUERZA POPULAR|8,631,303|49.747|46.594
97.821|08/06/2021 22:51 h|PARTIDO POLITICO NACIONAL PERU LIBRE|8,719,076|50.253|47.068
97.821|08/06/2021 22:51 h|TOTAL DE VOTOS EMITIDOS|18,524,301|0|100.000
97.821|08/06/2021 22:51 h|TOTAL DE VOTOS VÁLIDOS|17,350,379|100.000|93.663
97.821|08/06/2021 22:51 h|VOTOS EN BLANCO|119,795|0|0.647
97.821|08/06/2021 22:51 h|VOTOS NULOS|1,054,127|0|5.691
97.915|08/06/2021 23:25 h|FUERZA POPULAR|8,637,789|49.757|46.604
97.915|08/06/2021 23:25 h|PARTIDO POLITICO NACIONAL PERU LIBRE|8,722,214|50.243|47.060
97.915|08/06/2021 23:25 h|TOTAL DE VOTOS EMITIDOS|18,534,414|0|100.000
97.915|08/06/2021 23:25 h|TOTAL DE VOTOS VÁLIDOS|17,360,003|100.000|93.664
97.915|08/06/2021 23:25 h|VOTOS EN BLANCO|119,838|0|0.647
97.915|08/06/2021 23:25 h|VOTOS NULOS|1,054,573|0|5.690
97.955|08/06/2021 23:48 h|FUERZA POPULAR|8,640,661|49.758|46.602
97.955|08/06/2021 23:48 h|PARTIDO POLITICO NACIONAL PERU LIBRE|8,724,831|50.242|47.056
97.955|08/06/2021 23:48 h|TOTAL DE VOTOS EMITIDOS|18,541,268|0|100.000
97.955|08/06/2021 23:48 h|TOTAL DE VOTOS VÁLIDOS|17,365,492|100.000|93.659
97.955|08/06/2021 23:48 h|VOTOS EN BLANCO|119,877|0|0.647
97.955|08/06/2021 23:48 h|VOTOS NULOS|1,055,899|0|5.695
97.960|09/06/2021 00:23 h|FUERZA POPULAR|8,641,394|49.759|46.604
97.960|09/06/2021 00:23 h|PARTIDO POLITICO NACIONAL PERU LIBRE|8,725,105|50.241|47.055
97.960|09/06/2021 00:23 h|TOTAL DE VOTOS EMITIDOS|18,542,330|0|100.000
97.960|09/06/2021 00:23 h|TOTAL DE VOTOS VÁLIDOS|17,366,499|100.000|93.659
97.960|09/06/2021 00:23 h|VOTOS EN BLANCO|119,878|0|0.647
97.960|09/06/2021 00:23 h|VOTOS NULOS|1,055,953|0|5.695
97.964|09/06/2021 01:21 h|FUERZA POPULAR|8,641,633|49.759|46.604
97.964|09/06/2021 01:21 h|PARTIDO POLITICO NACIONAL PERU LIBRE|8,725,300|50.241|47.055
97.964|09/06/2021 01:21 h|TOTAL DE VOTOS EMITIDOS|18,542,799|0|100.000
97.964|09/06/2021 01:21 h|TOTAL DE VOTOS VÁLIDOS|17,366,933|100.000|93.659
97.964|09/06/2021 01:21 h|VOTOS EN BLANCO|119,885|0|0.647
97.964|09/06/2021 01:21 h|VOTOS NULOS|1,055,981|0|5.695
98.338|09/06/2021 08:19 h|FUERZA POPULAR|8,663,684|49.794|46.637
98.338|09/06/2021 08:19 h|PARTIDO POLITICO NACIONAL PERU LIBRE|8,735,448|50.206|47.024
98.338|09/06/2021 08:19 h|TOTAL DE VOTOS EMITIDOS|18,576,753|0|100.000
98.338|09/06/2021 08:19 h|TOTAL DE VOTOS VÁLIDOS|17,399,132|100.000|93.661
98.338|09/06/2021 08:19 h|VOTOS EN BLANCO|120,065|0|0.646
98.338|09/06/2021 08:19 h|VOTOS NULOS|1,057,556|0|5.693
98.338|09/06/2021 08:49 h|FUERZA POPULAR|8,663,684|49.794|46.637
98.338|09/06/2021 08:49 h|PARTIDO POLITICO NACIONAL PERU LIBRE|8,735,448|50.206|47.024
98.338|09/06/2021 08:49 h|TOTAL DE VOTOS EMITIDOS|18,576,753|0|100.000
98.338|09/06/2021 08:49 h|TOTAL DE VOTOS VÁLIDOS|17,399,132|100.000|93.661
98.338|09/06/2021 08:49 h|VOTOS EN BLANCO|120,065|0|0.646
98.338|09/06/2021 08:49 h|VOTOS NULOS|1,057,556|0|5.693
98.340|09/06/2021 09:19 h|FUERZA POPULAR|8,663,784|49.794|46.637
98.340|09/06/2021 09:19 h|PARTIDO POLITICO NACIONAL PERU LIBRE|8,735,558|50.206|47.024
98.340|09/06/2021 09:19 h|TOTAL DE VOTOS EMITIDOS|18,576,984|0|100.000
98.340|09/06/2021 09:19 h|TOTAL DE VOTOS VÁLIDOS|17,399,342|100.000|93.661
98.340|09/06/2021 09:19 h|VOTOS EN BLANCO|120,067|0|0.646
98.340|09/06/2021 09:19 h|VOTOS NULOS|1,057,575|0|5.693
98.340|09/06/2021 09:49 h|FUERZA POPULAR|8,663,870|49.794|46.637
98.340|09/06/2021 09:49 h|PARTIDO POLITICO NACIONAL PERU LIBRE|8,735,534|50.206|47.023
98.340|09/06/2021 09:49 h|TOTAL DE VOTOS EMITIDOS|18,577,062|0|100.000
98.340|09/06/2021 09:49 h|TOTAL DE VOTOS VÁLIDOS|17,399,404|100.000|93.661
98.340|09/06/2021 09:49 h|VOTOS EN BLANCO|120,070|0|0.646
98.340|09/06/2021 09:49 h|VOTOS NULOS|1,057,588|0|5.693
98.340|09/06/2021 10:19 h|FUERZA POPULAR|8,663,870|49.794|46.637
98.340|09/06/2021 10:19 h|PARTIDO POLITICO NACIONAL PERU LIBRE|8,735,534|50.206|47.023
98.340|09/06/2021 10:19 h|TOTAL DE VOTOS EMITIDOS|18,577,062|0|100.000
98.340|09/06/2021 10:19 h|TOTAL DE VOTOS VÁLIDOS|17,399,404|100.000|93.661
98.340|09/06/2021 10:19 h|VOTOS EN BLANCO|120,070|0|0.646
98.340|09/06/2021 10:19 h|VOTOS NULOS|1,057,588|0|5.693
98.344|09/06/2021 10:49 h|FUERZA POPULAR|8,664,198|49.794|46.637
98.344|09/06/2021 10:49 h|PARTIDO POLITICO NACIONAL PERU LIBRE|8,735,985|50.206|47.024
98.344|09/06/2021 10:49 h|TOTAL DE VOTOS EMITIDOS|18,577,886|0|100.000
98.344|09/06/2021 10:49 h|TOTAL DE VOTOS VÁLIDOS|17,400,183|100.000|93.661
98.344|09/06/2021 10:49 h|VOTOS EN BLANCO|120,071|0|0.646
98.344|09/06/2021 10:49 h|VOTOS NULOS|1,057,632|0|5.693
98.347|09/06/2021 11:21 h|FUERZA POPULAR|8,664,444|49.794|46.637
98.347|09/06/2021 11:21 h|PARTIDO POLITICO NACIONAL PERU LIBRE|8,736,103|50.206|47.023
98.347|09/06/2021 11:21 h|TOTAL DE VOTOS EMITIDOS|18,578,324|0|100.000
98.347|09/06/2021 11:21 h|TOTAL DE VOTOS VÁLIDOS|17,400,547|100.000|93.660
98.347|09/06/2021 11:21 h|VOTOS EN BLANCO|120,071|0|0.646
98.347|09/06/2021 11:21 h|VOTOS NULOS|1,057,706|0|5.693
98.351|09/06/2021 11:50 h|FUERZA POPULAR|8,664,853|49.794|46.637
98.351|09/06/2021 11:50 h|PARTIDO POLITICO NACIONAL PERU LIBRE|8,736,471|50.206|47.023
98.351|09/06/2021 11:50 h|TOTAL DE VOTOS EMITIDOS|18,579,178|0|100.000
98.351|09/06/2021 11:50 h|TOTAL DE VOTOS VÁLIDOS|17,401,324|100.000|93.660
98.351|09/06/2021 11:50 h|VOTOS EN BLANCO|120,077|0|0.646
98.351|09/06/2021 11:50 h|VOTOS NULOS|1,057,777|0|5.693
98.411|09/06/2021 12:20 h|FUERZA POPULAR|8,670,776|49.802|46.639
98.411|09/06/2021 12:20 h|PARTIDO POLITICO NACIONAL PERU LIBRE|8,739,757|50.198|47.010
98.411|09/06/2021 12:20 h|TOTAL DE VOTOS EMITIDOS|18,591,310|0|100.000
98.411|09/06/2021 12:20 h|TOTAL DE VOTOS VÁLIDOS|17,410,533|100.000|93.649
98.411|09/06/2021 12:20 h|VOTOS EN BLANCO|120,146|0|0.646
98.411|09/06/2021 12:20 h|VOTOS NULOS|1,060,631|0|5.705
98.421|09/06/2021 12:50 h|FUERZA POPULAR|8,671,596|49.802|46.639
98.421|09/06/2021 12:50 h|PARTIDO POLITICO NACIONAL PERU LIBRE|8,740,531|50.198|47.009
98.421|09/06/2021 12:50 h|TOTAL DE VOTOS EMITIDOS|18,593,152|0|100.000
98.421|09/06/2021 12:50 h|TOTAL DE VOTOS VÁLIDOS|17,412,127|100.000|93.648
98.421|09/06/2021 12:50 h|VOTOS EN BLANCO|120,155|0|0.646
98.421|09/06/2021 12:50 h|VOTOS NULOS|1,060,870|0|5.706
98.426|09/06/2021 13:21 h|FUERZA POPULAR|8,671,824|49.801|46.638
98.426|09/06/2021 13:21 h|PARTIDO POLITICO NACIONAL PERU LIBRE|8,741,139|50.199|47.010
98.426|09/06/2021 13:21 h|TOTAL DE VOTOS EMITIDOS|18,594,072|0|100.000
98.426|09/06/2021 13:21 h|TOTAL DE VOTOS VÁLIDOS|17,412,963|100.000|93.648
98.426|09/06/2021 13:21 h|VOTOS EN BLANCO|120,161|0|0.646
98.426|09/06/2021 13:21 h|VOTOS NULOS|1,060,948|0|5.706
98.451|09/06/2021 13:56 h|FUERZA POPULAR|8,672,587|49.800|46.637
98.451|09/06/2021 13:56 h|PARTIDO POLITICO NACIONAL PERU LIBRE|8,742,233|50.200|47.011
98.451|09/06/2021 13:56 h|TOTAL DE VOTOS EMITIDOS|18,596,070|0|100.000
98.451|09/06/2021 13:56 h|TOTAL DE VOTOS VÁLIDOS|17,414,820|100.000|93.648
98.451|09/06/2021 13:56 h|VOTOS EN BLANCO|120,179|0|0.646
98.451|09/06/2021 13:56 h|VOTOS NULOS|1,061,071|0|5.706
98.484|09/06/2021 14:25 h|FUERZA POPULAR|8,676,540|49.807|46.642
98.484|09/06/2021 14:25 h|PARTIDO POLITICO NACIONAL PERU LIBRE|8,743,790|50.193|47.003
98.484|09/06/2021 14:25 h|TOTAL DE VOTOS EMITIDOS|18,602,504|0|100.000
98.484|09/06/2021 14:25 h|TOTAL DE VOTOS VÁLIDOS|17,420,330|100.000|93.645
98.484|09/06/2021 14:25 h|VOTOS EN BLANCO|120,205|0|0.646
98.484|09/06/2021 14:25 h|VOTOS NULOS|1,061,969|0|5.709
98.488|09/06/2021 14:49 h|FUERZA POPULAR|8,676,781|49.808|46.642
98.488|09/06/2021 14:49 h|PARTIDO POLITICO NACIONAL PERU LIBRE|8,743,817|50.192|47.002
98.488|09/06/2021 14:49 h|TOTAL DE VOTOS EMITIDOS|18,603,020|0|100.000
98.488|09/06/2021 14:49 h|TOTAL DE VOTOS VÁLIDOS|17,420,598|100.000|93.644
98.488|09/06/2021 14:49 h|VOTOS EN BLANCO|120,209|0|0.646
98.488|09/06/2021 14:49 h|VOTOS NULOS|1,062,213|0|5.710
98.489|09/06/2021 15:21 h|FUERZA POPULAR|8,676,781|49.808|46.641
98.489|09/06/2021 15:21 h|PARTIDO POLITICO NACIONAL PERU LIBRE|8,743,817|50.192|47.002
98.489|09/06/2021 15:21 h|TOTAL DE VOTOS EMITIDOS|18,603,232|0|100.000
98.489|09/06/2021 15:21 h|TOTAL DE VOTOS VÁLIDOS|17,420,598|100.000|93.643
98.489|09/06/2021 15:21 h|VOTOS EN BLANCO|120,209|0|0.646
98.489|09/06/2021 15:21 h|VOTOS NULOS|1,062,425|0|5.711
98.491|09/06/2021 15:56 h|FUERZA POPULAR|8,676,855|49.807|46.641
98.491|09/06/2021 15:56 h|PARTIDO POLITICO NACIONAL PERU LIBRE|8,744,066|50.193|47.002
98.491|09/06/2021 15:56 h|TOTAL DE VOTOS EMITIDOS|18,603,560|0|100.000
98.491|09/06/2021 15:56 h|TOTAL DE VOTOS VÁLIDOS|17,420,921|100.000|93.643
98.491|09/06/2021 15:56 h|VOTOS EN BLANCO|120,211|0|0.646
98.491|09/06/2021 15:56 h|VOTOS NULOS|1,062,428|0|5.711
98.512|09/06/2021 16:31 h|FUERZA POPULAR|8,678,297|49.806|46.640
98.512|09/06/2021 16:31 h|PARTIDO POLITICO NACIONAL PERU LIBRE|8,745,891|50.194|47.003
98.512|09/06/2021 16:31 h|TOTAL DE VOTOS EMITIDOS|18,607,147|0|100.000
98.512|09/06/2021 16:31 h|TOTAL DE VOTOS VÁLIDOS|17,424,188|100.000|93.642
98.512|09/06/2021 16:31 h|VOTOS EN BLANCO|120,229|0|0.646
98.512|09/06/2021 16:31 h|VOTOS NULOS|1,062,730|0|5.711
98.536|09/06/2021 16:52 h|FUERZA POPULAR|8,679,815|49.807|46.638
98.536|09/06/2021 16:52 h|PARTIDO POLITICO NACIONAL PERU LIBRE|8,746,931|50.193|46.999
98.536|09/06/2021 16:52 h|TOTAL DE VOTOS EMITIDOS|18,610,961|0|100.000
98.536|09/06/2021 16:52 h|TOTAL DE VOTOS VÁLIDOS|17,426,746|100.000|93.637
98.536|09/06/2021 16:52 h|VOTOS EN BLANCO|120,251|0|0.646
98.536|09/06/2021 16:52 h|VOTOS NULOS|1,063,964|0|5.717
98.543|09/06/2021 17:22 h|FUERZA POPULAR|8,680,575|49.808|46.639
98.543|09/06/2021 17:22 h|PARTIDO POLITICO NACIONAL PERU LIBRE|8,747,335|50.192|46.997
98.543|09/06/2021 17:22 h|TOTAL DE VOTOS EMITIDOS|18,612,377|0|100.000
98.543|09/06/2021 17:22 h|TOTAL DE VOTOS VÁLIDOS|17,427,910|100.000|93.636
98.543|09/06/2021 17:22 h|VOTOS EN BLANCO|120,252|0|0.646
98.543|09/06/2021 17:22 h|VOTOS NULOS|1,064,215|0|5.718
98.644|09/06/2021 17:49 h|FUERZA POPULAR|8,687,257|49.806|46.632
98.644|09/06/2021 17:49 h|PARTIDO POLITICO NACIONAL PERU LIBRE|8,754,816|50.194|46.994
98.644|09/06/2021 17:49 h|TOTAL DE VOTOS EMITIDOS|18,629,461|0|100.000
98.644|09/06/2021 17:49 h|TOTAL DE VOTOS VÁLIDOS|17,442,073|100.000|93.626
98.644|09/06/2021 17:49 h|VOTOS EN BLANCO|120,379|0|0.646
98.644|09/06/2021 17:49 h|VOTOS NULOS|1,067,009|0|5.728
98.823|09/06/2021 18:22 h|FUERZA POPULAR|8,696,376|49.774|46.599
98.823|09/06/2021 18:22 h|PARTIDO POLITICO NACIONAL PERU LIBRE|8,775,422|50.226|47.022
98.823|09/06/2021 18:22 h|TOTAL DE VOTOS EMITIDOS|18,662,331|0|100.000
98.823|09/06/2021 18:22 h|TOTAL DE VOTOS VÁLIDOS|17,471,798|100.000|93.621
98.823|09/06/2021 18:22 h|VOTOS EN BLANCO|120,587|0|0.646
98.823|09/06/2021 18:22 h|VOTOS NULOS|1,069,946|0|5.733
98.865|09/06/2021 18:51 h|FUERZA POPULAR|8,698,811|49.772|46.597
98.865|09/06/2021 18:51 h|PARTIDO POLITICO NACIONAL PERU LIBRE|8,778,540|50.228|47.024
98.865|09/06/2021 18:51 h|TOTAL DE VOTOS EMITIDOS|18,668,353|0|100.000
98.865|09/06/2021 18:51 h|TOTAL DE VOTOS VÁLIDOS|17,477,351|100.000|93.620
98.865|09/06/2021 18:51 h|VOTOS EN BLANCO|120,608|0|0.646
98.865|09/06/2021 18:51 h|VOTOS NULOS|1,070,394|0|5.734
98.919|09/06/2021 19:23 h|FUERZA POPULAR|8,704,585|49.784|46.604
98.919|09/06/2021 19:23 h|PARTIDO POLITICO NACIONAL PERU LIBRE|8,780,066|50.216|47.009
98.919|09/06/2021 19:23 h|TOTAL DE VOTOS EMITIDOS|18,677,564|0|100.000
98.919|09/06/2021 19:23 h|TOTAL DE VOTOS VÁLIDOS|17,484,651|100.000|93.613
98.919|09/06/2021 19:23 h|VOTOS EN BLANCO|120,634|0|0.646
98.919|09/06/2021 19:23 h|VOTOS NULOS|1,072,279|0|5.741
99.004|09/06/2021 19:51 h|FUERZA POPULAR|8,709,993|49.788|46.601
99.004|09/06/2021 19:51 h|PARTIDO POLITICO NACIONAL PERU LIBRE|8,784,269|50.212|46.998
99.004|09/06/2021 19:51 h|TOTAL DE VOTOS EMITIDOS|18,690,760|0|100.000
99.004|09/06/2021 19:51 h|TOTAL DE VOTOS VÁLIDOS|17,494,262|100.000|93.598
99.004|09/06/2021 19:51 h|VOTOS EN BLANCO|120,678|0|0.646
99.004|09/06/2021 19:51 h|VOTOS NULOS|1,075,820|0|5.756
99.041|09/06/2021 20:18 h|FUERZA POPULAR|8,712,214|49.789|46.600
99.041|09/06/2021 20:18 h|PARTIDO POLITICO NACIONAL PERU LIBRE|8,786,053|50.211|46.995
99.041|09/06/2021 20:18 h|TOTAL DE VOTOS EMITIDOS|18,695,751|0|100.000
99.041|09/06/2021 20:18 h|TOTAL DE VOTOS VÁLIDOS|17,498,267|100.000|93.595
99.041|09/06/2021 20:18 h|VOTOS EN BLANCO|120,697|0|0.646
99.041|09/06/2021 20:18 h|VOTOS NULOS|1,076,787|0|5.760
99.073|09/06/2021 20:47 h|FUERZA POPULAR|8,714,822|49.791|46.598
99.073|09/06/2021 20:47 h|PARTIDO POLITICO NACIONAL PERU LIBRE|8,787,891|50.209|46.989
99.073|09/06/2021 20:47 h|TOTAL DE VOTOS EMITIDOS|18,702,091|0|100.000
99.073|09/06/2021 20:47 h|TOTAL DE VOTOS VÁLIDOS|17,502,713|100.000|93.587
99.073|09/06/2021 20:47 h|VOTOS EN BLANCO|120,726|0|0.646
99.073|09/06/2021 20:47 h|VOTOS NULOS|1,078,652|0|5.768
99.109|09/06/2021 21:19 h|FUERZA POPULAR|8,718,499|49.795|46.600
99.109|09/06/2021 21:19 h|PARTIDO POLITICO NACIONAL PERU LIBRE|8,790,375|50.205|46.984
99.109|09/06/2021 21:19 h|TOTAL DE VOTOS EMITIDOS|18,709,208|0|100.000
99.109|09/06/2021 21:19 h|TOTAL DE VOTOS VÁLIDOS|17,508,874|100.000|93.584
99.109|09/06/2021 21:19 h|VOTOS EN BLANCO|120,762|0|0.645
99.109|09/06/2021 21:19 h|VOTOS NULOS|1,079,572|0|5.770
99.111|09/06/2021 21:48 h|FUERZA POPULAR|8,718,785|49.795|46.600
99.111|09/06/2021 21:48 h|PARTIDO POLITICO NACIONAL PERU LIBRE|8,790,550|50.205|46.984
99.111|09/06/2021 21:48 h|TOTAL DE VOTOS EMITIDOS|18,709,708|0|100.000
99.111|09/06/2021 21:48 h|TOTAL DE VOTOS VÁLIDOS|17,509,335|100.000|93.584
99.111|09/06/2021 21:48 h|VOTOS EN BLANCO|120,763|0|0.645
99.111|09/06/2021 21:48 h|VOTOS NULOS|1,079,610|0|5.770
99.121|09/06/2021 22:17 h|FUERZA POPULAR|8,719,451|49.796|46.599
99.121|09/06/2021 22:17 h|PARTIDO POLITICO NACIONAL PERU LIBRE|8,791,035|50.204|46.981
99.121|09/06/2021 22:17 h|TOTAL DE VOTOS EMITIDOS|18,711,741|0|100.000
99.121|09/06/2021 22:17 h|TOTAL DE VOTOS VÁLIDOS|17,510,486|100.000|93.580
99.121|09/06/2021 22:17 h|VOTOS EN BLANCO|120,771|0|0.645
99.121|09/06/2021 22:17 h|VOTOS NULOS|1,080,484|0|5.774
99.126|09/06/2021 22:48 h|FUERZA POPULAR|8,719,972|49.796|46.599
99.126|09/06/2021 22:48 h|PARTIDO POLITICO NACIONAL PERU LIBRE|8,791,479|50.204|46.981
99.126|09/06/2021 22:48 h|TOTAL DE VOTOS EMITIDOS|18,712,750|0|100.000
99.126|09/06/2021 22:48 h|TOTAL DE VOTOS VÁLIDOS|17,511,451|100.000|93.580
99.126|09/06/2021 22:48 h|VOTOS EN BLANCO|120,778|0|0.645
99.126|09/06/2021 22:48 h|VOTOS NULOS|1,080,521|0|5.774
99.129|09/06/2021 23:47 h|FUERZA POPULAR|8,720,337|49.796|46.599
99.129|09/06/2021 23:47 h|PARTIDO POLITICO NACIONAL PERU LIBRE|8,791,778|50.204|46.981
99.129|09/06/2021 23:47 h|TOTAL DE VOTOS EMITIDOS|18,713,454|0|100.000
99.129|09/06/2021 23:47 h|TOTAL DE VOTOS VÁLIDOS|17,512,115|100.000|93.580
99.129|09/06/2021 23:47 h|VOTOS EN BLANCO|120,780|0|0.645
99.129|09/06/2021 23:47 h|VOTOS NULOS|1,080,559|0|5.774
99.129|10/06/2021 00:19 h|FUERZA POPULAR|8,720,337|49.796|46.599
99.129|10/06/2021 00:19 h|PARTIDO POLITICO NACIONAL PERU LIBRE|8,791,778|50.204|46.981
99.129|10/06/2021 00:19 h|TOTAL DE VOTOS EMITIDOS|18,713,454|0|100.000
99.129|10/06/2021 00:19 h|TOTAL DE VOTOS VÁLIDOS|17,512,115|100.000|93.580
99.129|10/06/2021 00:19 h|VOTOS EN BLANCO|120,780|0|0.645
99.129|10/06/2021 00:19 h|VOTOS NULOS|1,080,559|0|5.774
99.129|10/06/2021 00:48 h|FUERZA POPULAR|8,720,337|49.796|46.599
99.129|10/06/2021 00:48 h|PARTIDO POLITICO NACIONAL PERU LIBRE|8,791,778|50.204|46.981
99.129|10/06/2021 00:48 h|TOTAL DE VOTOS EMITIDOS|18,713,454|0|100.000
99.129|10/06/2021 00:48 h|TOTAL DE VOTOS VÁLIDOS|17,512,115|100.000|93.580
99.129|10/06/2021 00:48 h|VOTOS EN BLANCO|120,780|0|0.645
99.129|10/06/2021 00:48 h|VOTOS NULOS|1,080,559|0|5.774
99.129|10/06/2021 08:18 h|FUERZA POPULAR|8,720,337|49.796|46.599
99.129|10/06/2021 08:18 h|PARTIDO POLITICO NACIONAL PERU LIBRE|8,791,778|50.204|46.981
99.129|10/06/2021 08:18 h|TOTAL DE VOTOS EMITIDOS|18,713,454|0|100.000
99.129|10/06/2021 08:18 h|TOTAL DE VOTOS VÁLIDOS|17,512,115|100.000|93.580
99.129|10/06/2021 08:18 h|VOTOS EN BLANCO|120,780|0|0.645
99.129|10/06/2021 08:18 h|VOTOS NULOS|1,080,559|0|5.774
99.132|10/06/2021 08:48 h|FUERZA POPULAR|8,720,407|49.796|46.598
99.132|10/06/2021 08:48 h|PARTIDO POLITICO NACIONAL PERU LIBRE|8,791,896|50.204|46.980
99.132|10/06/2021 08:48 h|TOTAL DE VOTOS EMITIDOS|18,713,956|0|100.000
99.132|10/06/2021 08:48 h|TOTAL DE VOTOS VÁLIDOS|17,512,303|100.000|93.579
99.132|10/06/2021 08:48 h|VOTOS EN BLANCO|120,786|0|0.645
99.132|10/06/2021 08:48 h|VOTOS NULOS|1,080,867|0|5.776
99.136|10/06/2021 09:19 h|FUERZA POPULAR|8,720,633|49.796|46.597
99.136|10/06/2021 09:19 h|PARTIDO POLITICO NACIONAL PERU LIBRE|8,792,088|50.204|46.979
99.136|10/06/2021 09:19 h|TOTAL DE VOTOS EMITIDOS|18,714,855|0|100.000
99.136|10/06/2021 09:19 h|TOTAL DE VOTOS VÁLIDOS|17,512,721|100.000|93.577
99.136|10/06/2021 09:19 h|VOTOS EN BLANCO|120,786|0|0.645
99.136|10/06/2021 09:19 h|VOTOS NULOS|1,081,348|0|5.778
99.136|10/06/2021 09:48 h|FUERZA POPULAR|8,720,633|49.796|46.597
99.136|10/06/2021 09:48 h|PARTIDO POLITICO NACIONAL PERU LIBRE|8,792,088|50.204|46.979
99.136|10/06/2021 09:48 h|TOTAL DE VOTOS EMITIDOS|18,714,855|0|100.000
99.136|10/06/2021 09:48 h|TOTAL DE VOTOS VÁLIDOS|17,512,721|100.000|93.577
99.136|10/06/2021 09:48 h|VOTOS EN BLANCO|120,786|0|0.645
99.136|10/06/2021 09:48 h|VOTOS NULOS|1,081,348|0|5.778
99.136|10/06/2021 10:18 h|FUERZA POPULAR|8,720,633|49.796|46.597
99.136|10/06/2021 10:18 h|PARTIDO POLITICO NACIONAL PERU LIBRE|8,792,088|50.204|46.979
99.136|10/06/2021 10:18 h|TOTAL DE VOTOS EMITIDOS|18,714,855|0|100.000
99.136|10/06/2021 10:18 h|TOTAL DE VOTOS VÁLIDOS|17,512,721|100.000|93.577
99.136|10/06/2021 10:18 h|VOTOS EN BLANCO|120,786|0|0.645
99.136|10/06/2021 10:18 h|VOTOS NULOS|1,081,348|0|5.778
99.143|10/06/2021 11:18 h|FUERZA POPULAR|8,721,301|49.797|46.597
99.143|10/06/2021 11:18 h|PARTIDO POLITICO NACIONAL PERU LIBRE|8,792,555|50.203|46.978
99.143|10/06/2021 11:18 h|TOTAL DE VOTOS EMITIDOS|18,716,366|0|100.000
99.143|10/06/2021 11:18 h|TOTAL DE VOTOS VÁLIDOS|17,513,856|100.000|93.575
99.143|10/06/2021 11:18 h|VOTOS EN BLANCO|120,796|0|0.645
99.143|10/06/2021 11:18 h|VOTOS NULOS|1,081,714|0|5.780
99.188|10/06/2021 11:49 h|FUERZA POPULAR|8,725,388|49.800|46.597
99.188|10/06/2021 11:49 h|PARTIDO POLITICO NACIONAL PERU LIBRE|8,795,440|50.200|46.971
99.188|10/06/2021 11:49 h|TOTAL DE VOTOS EMITIDOS|18,725,302|0|100.000
99.188|10/06/2021 11:49 h|TOTAL DE VOTOS VÁLIDOS|17,520,828|100.000|93.568
99.188|10/06/2021 11:49 h|VOTOS EN BLANCO|120,834|0|0.645
99.188|10/06/2021 11:49 h|VOTOS NULOS|1,083,640|0|5.787
99.191|10/06/2021 12:18 h|FUERZA POPULAR|8,725,414|49.800|46.596
99.191|10/06/2021 12:18 h|PARTIDO POLITICO NACIONAL PERU LIBRE|8,795,550|50.200|46.970
99.191|10/06/2021 12:18 h|TOTAL DE VOTOS EMITIDOS|18,725,747|0|100.000
99.191|10/06/2021 12:18 h|TOTAL DE VOTOS VÁLIDOS|17,520,964|100.000|93.566
99.191|10/06/2021 12:18 h|VOTOS EN BLANCO|120,836|0|0.645
99.191|10/06/2021 12:18 h|VOTOS NULOS|1,083,947|0|5.789
99.205|10/06/2021 12:50 h|FUERZA POPULAR|8,726,025|49.799|46.593
99.205|10/06/2021 12:50 h|PARTIDO POLITICO NACIONAL PERU LIBRE|8,796,434|50.201|46.969
99.205|10/06/2021 12:50 h|TOTAL DE VOTOS EMITIDOS|18,728,139|0|100.000
99.205|10/06/2021 12:50 h|TOTAL DE VOTOS VÁLIDOS|17,522,459|100.000|93.562
99.205|10/06/2021 12:50 h|VOTOS EN BLANCO|120,859|0|0.645
99.205|10/06/2021 12:50 h|VOTOS NULOS|1,084,821|0|5.792
99.206|10/06/2021 13:49 h|FUERZA POPULAR|8,726,088|49.799|46.593
99.206|10/06/2021 13:49 h|PARTIDO POLITICO NACIONAL PERU LIBRE|8,796,523|50.201|46.969
99.206|10/06/2021 13:49 h|TOTAL DE VOTOS EMITIDOS|18,728,303|0|100.000
99.206|10/06/2021 13:49 h|TOTAL DE VOTOS VÁLIDOS|17,522,611|100.000|93.562
99.206|10/06/2021 13:49 h|VOTOS EN BLANCO|120,864|0|0.645
99.206|10/06/2021 13:49 h|VOTOS NULOS|1,084,828|0|5.792
